UserID,JobTitleHistory
7035,"['IT Computer Specialist', 'Security Officer', 'Supporting FEMA - Technical Support', 'Security Officer', 'Custodian', 'MIS Manager', 'Security Officer', 'Network Administrator', 'Field - Service Engineer', 'Field Service Engineer']"
25479,"['Sprint Senior Lead', 'VIP Technical Consultant', 'Sprint World Wide Representative', 'Product Support Representative', 'National Business Service Representative', 'Trouble Specialist III', 'Retention Solutions Specialist III', 'Team Leader', 'Team Advisor', 'Customer Service Representative']"
43647,"['Priority Tutoring Tutor', 'Lighthouse Teacher', 'Childcare Provider', 'Intern', 'Ennumerator', 'Ennumerator', 'Legal Assistant', 'Office Assistant', 'Store Clerk', 'Office Assistant']"
63160,"['Professional Project Consultant-JV Accounting', 'Sr. Business Analyst-Budget Management', 'Senior Gas Plant Accounting Analyst', 'Variable Expense Business Analyst', 'Area People Director', 'Financial Manager/Program Administrator', 'General Business Manager/Consultant-P/T', 'Senior Energy Accountant/Team Lead', 'Senior Financial Analyst-Commodity Accounting', 'Senior Financial Analyst/Gas Commodity Accounting']"
63301,"['Member', 'REALTOR/LOAN OFFICER', 'OWNER/MANAGER', 'LOAN OFFICER/PROPERTY MANAGER', 'AGENT/LOAN OFFICER/OWNER', 'FIRE PREVENTION COORDINATOR', 'WAREHOUSE SUPERVISOR', 'PRODUCTION FOREMAN', 'STAFF MANAGER, HERALD LIFE', 'OPERATOR']"
76133,"['Account development', 'Territory Manager', 'Runner', 'career sales', 'Territory Manager', 'Senior Operator', 'FT operator', 'Roughneck', 'Sales Rep', 'Junior Operator']"
82243,"['Stockroom Manager/ Sales Associate Hush Puppies Merrell Sebago', 'Administration Supervisor', 'Part-time Customer Service Representative', 'Part-time Document Imaging Technician', 'Commanding Officer, Education Service Officer', 'Full-time Student', 'Weapons Augmentation Team Chief', 'Fire Control Technician, LPO', 'Fire Control Technician', 'United States Coast Guard Seaman']"
86253,"['Substitute Teacher', 'Substitute Teacher for Winston Salem', 'Four Year/Pre-K Teacher/After school Lead teacher', 'Tutor', 'Substitute Teacher', 'After school Lead teacher', 'Student Teaching Second Grade', 'Student Teaching Internship Third Grade', 'Intern', 'after school teacher']"
87990,"['Loans to get the loans Insured, Initial Data Entry', 'Customer Service', 'Activating, Add features, Technical Service, Took', 'Customer Service Representative', 'Technical Support Representative', 'Assistant Manager', 'Third-Key (Supervisor)', 'Supervisor/Sales', 'Cashier/Sales/Assistant Manager', 'Mortgage Operation Specialists & Research Analyst']"
113400,"['Financial Analyst', 'Associate Professor', 'Accounting Manager', 'Sr Internal Auditor', 'Manager, Inventory Control & Audit', 'Controller', 'Manager-Corporate Planning', 'Manager - Logistics & Inventory Control Accounting & Financial Analyst', 'Plant Controller', 'Assistant Manager - Logistics']"
115682,"['Freelance Computer Technician', 'PC Technician - Deployment', 'Freelance Computer Technician', 'Help Desk Support Specialist', 'Technical Support Specialist, Custom Support Que', 'Network Administration Assistant/Local Touch Technician', 'Freelance Computer Technician', 'Client Infrastructure Rep 4', 'Freelance Computer Technician', 'Point of Sale Installer Technician']"
115835,"['Maintenance Technician', 'Service Technician', 'HVAC Instructor', 'Service Technician', 'Service Technician', 'Maintenance Technician', 'Service Technician', 'Maintenance Technician', 'Service Technician', 'Service Technician']"
117366,"['Regional Director of Nursing', 'Field RN Clinical Case Manager', 'Hi-Tech/Infusion Therapy Clinical Manager', 'Clinical Director', 'Clinical Operations Manager Therapy Management Program', 'Regional Infusion Nurse Coordinator & Account Mgr', 'Infusion Nurse Consultant & Account Mgr', 'Home Infusion Nurse Supervisor', 'Registered Nurse', 'Founder']"
118534,"['Territory Sales Rep', 'Territory Sales Rep', 'District Manager', 'Kitchen Designer/Sales', '#1 sales designer', 'Store Manager/ Sales Designer', 'Store Manager, continued', 'Sales Manager', 'Assistant Sales Manager', 'Salesperson. Assistant Sales Manager']"
123767,"['Mechanic, Maintenance, Repair Technician, Technical Adviser', 'Mechanic, Maintenance, Repair Technician, Technical Adviser', 'Instructor/Teacher', 'Maintenance Mechanical Technician', 'Mechanic / Laborer', 'Wrecker Operator', 'Instructor / Teacher', 'Mechanic, Road Service Technician, Sales, and Air System Designer', 'Wrecker Operator', 'Mechanic']"
124932,"['Consultant', 'Consultant', 'Consultant', 'Consultant', 'Consultant', 'Consultant', 'Qualxserv/Go2IT Group/ IBM Field Service Contractor', 'Administrative Office of the Courts', 'Consultant', 'Help Desk']"
125368,"['GRAN AND WRAN FISRT LINE SUPPORT (Consultant', 'GSM AND UMTS SUPPORT', 'GRAN AND WRAN FISRT LINE SUPPORT (Consultant', 'GSM AND UMTS SWITCH ENGINEER', 'NATIONAL REPAIR TESTER', 'GSM SWITCH ENGINEER', 'GSM SWITCH ENGINEER', 'NOC SENIOR SUPPORT ENGINEER', 'GSM SWITCH ENGINEER', 'TEST ENGINEER']"
127203,"['Director of institutional', 'Regional Director', 'Associate Director', 'Development Director', 'Campaign Executive', 'Executive Director (contract position)', 'Director of Financial Development', 'Executive Director', 'Philanthropic Development', 'Area Director']"
127876,"['Order Entry Associate', 'Data Entry Clerk', 'Customer Service Representative', 'Customer Service Representative', 'Retentions Representative', 'QA Specialist', 'Accounting/Billing Clerk', 'Order Entry/Customer Service', 'Customer Service Associate', 'Customer Service Representative']"
132387,"['Quality Manager', 'Production', 'Call Center', 'Quality Control', 'Wiring Engineering Technician', 'Quality Engineer', 'Various Positions', 'Engineering Technician', 'Fabrication Inspector', 'Credit Collector']"
132998,"['Office Support Services', 'Prepress Management / Print Production / Mailroom Operations', 'Customer Service/Call Center Representative', 'Scanner/Data Entry', 'Customer Service/Call Center Representative', 'Office Support Services', 'Customer Service/Call Center Representative', 'Business Consultant', 'Facilities Operations Manager', 'Supervisor']"
137299,"['Provider Sales Executive - Web Based IT Software', 'Media Consultant', 'Director Business Management - Specialty Pharmacy', 'Key Account Manager - Biotech Endocrinology Division', 'Manager New Business Development - Specialty Pharmacy', 'Strategic Business Manager - Distribution', 'Sales Manager - Home Infusion Therapies', 'Regional Manager - Alternative Care Markets', 'Region Sales Manager - Infusion/Injectible Services', 'Territory Business Manager - Pharmacy & Nursing Care']"
139278,"['Staff RN', 'TRAVEL RN', 'ADON', 'STAFF RN', 'TRAVEL RN', 'TRAVEL RN', 'DIRECTOR OF NURSING', 'ASSISTANT DIRECTOR OF NURSING', 'ASSISTANT DIRECTOR OF NURSING', 'LPN SUPERVISOR']"
145088,"['Desktop Production Support', 'Team lead', 'Lead Deployment', 'Ad-A-Staff (@ Legends Hospitality)', 'Support', 'Event Specialist', 'sales', 'IT Specialist/Project Manager/Leadsman', 'representative and liaison', 'Storekeeper II/Cell Manager']"
145811,"['Part Time Child Care Worker', 'Intern- Immigration & Naturalization (TAP) program', 'Full Year intern', 'Recovery Specialist', 'Supervisor / Substance Abuse Counselor I', 'Residential Counselor', 'Substance Abuse Counselor', 'Child Care Worker', 'Full year intern', 'Internship']"
146476,"['Sub-contractor', 'In-house Refurbish/Configuration Technician for CompuCom', 'Project Management Specialist for Xerox Data Collection Project', 'Minilab Photo printer Installer', ""Configuration Technician Advantage's"", 'A+ PC Solutions Consultant', 'In-House Dental Instrument Repair Technician', 'A+ PC Repair Field Technician', 'HP Laptop Repair Bench Technician', 'Copier Field Service Technician']"
147457,"['Computer Aided Designer Drafter', 'Computer Aided Designer Drafter', 'Maintenance Engineer', 'Professor of  Computer Aided Designer Drafter', 'Engineering Technician/ Construction Inspection', 'Presnell & Associate', 'Civil Computer Aided Designer Drafter', 'Technical Education Instructor', 'Substitute Teacher', 'Civil Computer Aided Designer Drafter']"
149186,"['On call break fix technician for local', 'IT Support Specialist', 'Database and Web Technician', 'help desk, and server projects', 'Regional Computer Support Technician', 'Desktop Support Technician', 'Dell Field Service Technician', 'Server Technician', 'Onsite Desktop Support', 'Help Desk Support Technician']"
156963,"['Receptionist (Per Diem)', 'Catering Assistant/Marketing Manager', 'Administrative Assistant', 'Receptionist', 'Office Manager/Collections Manager', 'General Manager', 'Accounts Receivable/Chargeback Specialist', 'Credit Analyst', 'Office Assistant', 'Office Manager', 'PBX Operator']"
159828,"['Construction Project Manager - QC and QA', 'Construction System CQC Manager - US Army CORPS OF ENG', 'Engineering Design and Construction', 'Assistant Project Manager', 'Assistant Project Manager/Field Engineer', 'Head of Design Team', 'Assistant Project Manager/Field Engineer', 'Project Manager', 'Head of Design Team', 'Field Engineer']"
170408,"['HEAD TRACK COACH', 'maintenance/ parks & rec.', 'VOLUNTEER', 'Tutor, 954-652-9575 - Mrs. Hazel Young', 'FAMILY SERVICE COORDINATOR', 'YOUTH DIRECTOR', 'BULK MERCHANDISER / SALES', 'CUSTOMER SERVICE SPECIALIST 1 / RECEPTIONIST', 'OVERNIGHT STOCK CLERK / DELI ASSOCIATE', 'TEACHER ASSISTANT/CAMPUS MONITOR /PT CUSTODIAN MAINTENANCE']"
171873,"['CONTRACTOR', 'CONTRACTOR', 'CONTRACTOR', 'Accounts Payable Specialist', 'CONTRACTOR  (Convergenz)', 'CONTRACTOR', 'Contracts/Subcontracts Assistant', 'CONTRACTOR', 'Executive Assistant', 'Operations Coordinator - Marketing, Finance, Legal and HR']"
172091,"['Warehouse Manager', 'Warehouse Manager', 'Warehouse Manager', 'Shipping and Receiving, Demo Inventory Coordinator', 'Administrative Assistant', 'Assembler', 'Shipping and Receiving, Replenishment Supervisor', 'Warehouse Manager', 'Locksmith', 'Senior Estimator']"
174042,"['Senior Designer/Design Engineer', 'Senior Designer/Design Engineer', 'Senior Designer/Design Engineer', 'Senior Designer', 'Senior Designer', 'Design Engineer', 'Senior Designer', 'Senior Designer', 'Senior Designer/Design Engineer - Unigraphics NX2', 'Senior Designer']"
174153,"['Personal Care Assistant', 'Administrative Assistant', 'Administrative Assistant', 'Administrative Assistant', 'Administrative Assistant', 'Security Officer', 'Security Officer', 'Protection Officer', 'Project Manager/Real Estate Agent', 'Corrections Officer']"
180108,"['Administrative Assistant', 'Keyboard Specialist I', 'Receptionist/Office Assistant', 'Assistant', 'Administrative Assistant - Temp', 'Administrative Assistant to Director of Admissions', 'Clerical Temped', 'Assistant Office Manager', 'Administrative Assistant', 'Receptionist - temp']"
183726,"['Database Consultant', 'IT Manager', 'IT Consultant', 'Customer Service/Management', 'Database Management Internship', 'ESL Marketing Research', 'Teaching Assistant', 'Community Service Aide', 'Administrative Internship', 'Teacher/Market Researcher']"
186185,"['PM/Proposals - Automation Equipment', 'Proposal Engineer - Robotic Material Handling, Routing, and Machining', 'Program Manager/Estimating - Automation Equipment', 'Sr Application Engineer - Robotic Material Handling, High Pressure Washing, Assembly', 'PM/Proposals - Automation Equipment', 'Project Coordinator/Project Engineer - Conveyor Systems', 'Estimator Automation Equipment – Robotic Material Handling and Assembly', 'Estimating Manager/Purchasing - Pressroom and Metal Fabrication Automation', 'CAD/CAM Programmer - Steel Plate Burning Systems', 'Lead Afternoon Cook']"
187241,"['Assistant Chief, Office of Quality, Safety & Site Security', 'Construction Engineer-Project Officer Level  II', 'Associate Project Manager III - Environmental Health & Safety', 'Construction/Environmental Safety Officer', 'Environmental Project Manager - Design Group', 'Public Health Inspector', 'Environmental Protection Specialist', 'Project Engineer', 'Construction Inspector/Project Monitor', 'Biological Technician Intern']"
190710,"['General Warehouse/Forklift Driver', 'Temp Truck Driver/Loader/Warehouse', 'Temp Offload', 'Warehouse Worker', 'Route Manager', 'Contractor Driver', 'Warehouse Selector', 'warehouse', 'Warehouse Associate', 'Sales/Warehouse Associate']"
191824,"['Legal secretary to civil defense partner', 'Sales representative at major department store', 'Legal Secretary', 'Executive secretary to civil defense litigation attorney, who also specializes in criminal defense', 'Paralegal to Jay C. Jacobson and Debora L. Verdier (January', 'Legal Secretary to Julie Blumenreich and Jasmina Zecevic (September', 'Legal Secretary', 'Paralegal Clerk/Junior Paralegal (Plaintiff practice, concentrating primarily on bad faith insurance litigation)', 'Legal Assistant/Legal Secretary to J. Steven Sparks', 'Legal Secretary']"
193385,"['Sales Consultant', 'Sales Consultant', 'Fannie Mae - Project Specialist (Contractor)', 'Office Services Clerk', 'Customer Service Mgr', 'Sr Account Service Rep', 'Sr. Customer Care Rep', 'Sales Consultant', 'Sr. Customer Care Associate', 'Sales Consultant', 'Team Lead II/Account Executive']"
193562,"['Financial Operations Manager', 'AVP/Controller', 'Consultant to SVP of Finance', 'Manager of Procurement and Billing Analysis', 'Director of Financial Reporting and Analysis', 'Business Operations Manager', 'Team Member', 'Assistant Vice President', 'Client Service Representative', 'Supervisor']"
193931,"['daily computer and data entry, stocking and ordering of supplies', 'Phlebotomist', 'Medical Receptionist & Billing Asst', 'Medical Assistant/Phlebotomist', 'Phlebotomist', 'Phlebotomist/Medical Office Assistant', 'Phlebotomist/Medical Office Asst', 'Medical & Clinical Asst', 'Medical Asst & Financial Registrar', 'Medical Receptionist, Billing, Supervisor']"
194212,"['Stocker, Facing, Front End', 'GSD Analyst ID Network Administration', 'Network Administrator/IT Coordinator', 'Engineering Assistant, Engineering & Exploration Technician, Developer/DBA', 'International Billing Operator', 'International Billing Operator', 'Computer/Engineerning Support', 'Computer Support/Transmission Technician', 'Computer Technician', 'Computer Support, Mail Runner']"
196258,"['TAX PREPARER', 'Direct Care Worker', 'PRODUCTION SERVICE TECH', 'Master at Arms', 'Master at Arms', 'IRS Mail Processor', 'Medical Biller', 'Cash Office Auditor', 'Substitute Assistant', 'Student Registration Assistant']"
199532,"['RESET MERCHANDISER', 'CUSTOMER SERVICE REP', 'CUSTOMER SERVICE REP IN THE DELI-DEPT', 'PROJECT MANAGER - LOAD PLANNER', 'RESET MERCHANDISER', 'PROJECT MANAGER - LOAD PLANNER - SALES MANAGER', 'ASSISTANT OPERATIONS MANAGER - LOAD PLANNER - ACCOUNT SALES REP', 'LOAD PLANNER - PROJECT MANAGER', 'OPERATIONS MANAGER - PROJECT MANAGER', 'PROJECT MANAGER']"
202500,"['Integrated System Support Analyst', 'Technical assistance', 'Project Analyst', 'Project Analyst', 'Help Desk Analyst', 'Desktop Support', 'Desktop Support', 'Tier 2 Help Desk Operator', 'Field Technician', 'Field Technician']"
206575,"['Crew Member', 'Stower', 'Sales Associate', 'Cashier', 'Sales Associate', 'Package Handler', 'Sales Associate', 'Picker', 'Gameroom Attendant', 'Host']"
218303,"['Chocolatier', 'Cashier', 'Lead Customer Service Rep', 'Office Manager', 'Assistant Manager', 'Kennel Assistant', 'Operator', 'Kennel Assistant', 'Telephone Representative', 'Specialty Assistant Manager']"
220986,"['Mechanic', 'Chief Mechanic', 'Crew Leader/Carman', 'Owner/operator', 'Business Manager', 'Sales Consultant', 'Sales Representative', 'Auditor', 'Landscaper', 'Manager']"
225404,"['Consultant, Financial Analyst', 'Consultant, Financial Analyst', 'EVP, Corporate Finance', 'Consultant, Energy Group', 'VP, Debt Capital Markets Group', 'Associate, Leveraged Finance', 'Associate, Acquisitions and Divestitures', 'Corporate Finance Relationship Manager', 'Sr. Financial Analyst, FP&A', 'Sr. Analyst and Assistant to the Sr. Managing Director']"
227324,"['Proprietor/ Project Manager', 'Independently Contracted Courier and Liaison to Airline', 'Store Manager', 'Project Supervisor-Event Planning', 'Mini Mart Attendant/Recreation Center Food Manager', 'General Manager', 'Courier', 'Server', 'Store Manager', 'Cashier/ Grocery Baggage']"
234395,"['LPN', 'LPN', 'Owner/direct supervisor', 'LPN', 'LPN', 'LPN (continued)', 'LPN/UM', 'Conducting drug studies in MD offices for Exelon', 'LPN', 'Private Contractor Phlebotomy']"
252100,"['Individual Family Teacher', 'Sales Associate', 'Teller', 'Teller', 'School Counselor', 'Sales Associate', 'Junior Agent', 'Internship', 'Customer Service Representative', 'Sales Associate']"
252249,"['Warehouse Clerk', 'Warehouse Clerk', 'Security Guard', 'Security Guard', 'Warehouse Clerk', 'Laboratory Technician', 'Warehouse Supervisory', 'Security Guard', 'Heavy Equipment Operator', 'Technician']"
253086,"['Activity Director', 'Residential Manager', 'Behavior Health Technician', 'Behavior Health Technician', 'Chemical Dependency Technician', 'Billing Coordinator', 'Administrative Assistant', 'Office Administrator', 'Customer Care Retention Specialist', 'General Office/Laborer']"
257107,"['Consultant', 'Consultant SQL Server/SAP Crystal Reports 2008 Developer', 'Software Engineer/ GUI/ DBO/ CM-Builds/ Crystal Reports', 'Consultant/AJJA- services', 'Consultant CM/ Crystal Reports/ Installation', 'Consultant /Project coordinator/ Developer', 'Consultant / Excel HR', 'Software Engineer/CM/GUI/DBO developer', 'Software Engineer/ GUI/Java/Financial Software', 'Software Engineer/C++/Oracle']"
258853,"['Board of Director', 'Volunteer Grant Writer', 'Volunteer Sexual Assault Victim Advocate', 'Certified Volunteer Advocate for Victims of Domestic Violence', 'Volunteer Coordinator', 'Doctoral-Program Practicum Intern', 'Core Competency Facilitator Assistant', 'Volunteer Community Advocate', 'Volunteer Head Start Facilitator', 'Volunteer Court Advocate', ""Master's-Level Clinical Intern"", 'Spring In-Town Director and Board of Director']"
260334,"['Arven Group - Operations Supervisor', 'Transportation Supervisor', 'Operations Manager', 'Excel / Operations Supervisor', 'Inbound Supervisor', 'warehousman', 'Operation Supervisor', 'Evening Manager', 'Warehouse Manager', 'Warehouse Manager']"
264707,"['Sales Designer & Private consulting', 'Sales manager', 'Design Center Manager', 'Design Salesman', 'Sales Manager', 'General Manager', 'Owner/Executive Supervisor', 'Owner/Director of Operations', 'Sales Representative for North Central Florida', 'Owner/Sales Representative']"
289626,"['Business and system analyst', 'CTO/Business Analyst/System Analyst', 'QA engineer', 'QA lead', 'Automation QA Lead', 'Configuration Management/QA Engineer', 'Lead Automation QA Test Engineer', 'Automation QA Test Engineer', 'Wireless Data coordinator QA Engineer', 'QA Engineer']"
302294,"['Business Analyst', 'PCS Analyst for Blackberries', 'Outlook-Blackberry Helpdesk Support', 'WAMU Conversion Tech Support', 'Electronic Technician', 'Customer Service Dept', '[Funai Depot], Electronic Technician', 'Collections Dept., Cardmember Assistance Rep', 'Consumer Care Dept., Customer Service Rep', 'Jewelry & Watch  Technician']"
327162,"['Vice President & General Manager of WorkTruck Transport', 'Fleet Customer Service Manager', 'Territory Sales Manager', 'Fleet Management Consultant', 'Fleet Sales / Customer Service Manager', 'Inside Sales Manager', 'Territory Sales Manager', 'Inside Sales', 'Account Analyst', 'Executive Marketing Assistant (internship)']"
340580,"['Superintendent', 'Superintendent', 'Senior Construction Manager for research and development campus', 'Superintendent for the 260,000 sq ft Pharmaceutical Plant', 'Superintendent', 'Superintendent for 250', 'Superintendent for 600', 'Superintendent for the C-Wing expansion', 'Superintendent', 'Superintendent']"
345119,"['Management, Bookkeeping, Public Relations, Sales Director', 'College Instructor', 'Exhibition Coordinator, Public Relations, Marketing/Sales', 'Exhibition Coordinator, Public Relations, Marketing/Sales', 'Exhibition Coordinator, Public Relations, Marketing/Sales', 'Television/Media Experience: TV Spokesperson', 'Television/Media Experience:  TV Spokesperson', 'Exhibition Coordinator, Public Relations, Marketing/Sales', 'College Instructor', 'TV Program Host, Producer, Director, Marketing Director']"
349437,"['Managing Editor', 'Editorial Editor/Social Media Strategist', 'Vice President/Executive Editor', 'Executive Producer', 'Senior Producer', 'Content Editor, Soccer and Hockey Writer', 'Registrar/Posting Secretary', 'Unit Secretary', 'Unit Secretary', 'Unit Secretary - CCU']"
374491,"['Bruckner Truck Sales - General Manager', 'General Sales Manager', 'Sales Representative', 'sales leader', 'Sales Representative', 'Master Sales Leader Gold Level', 'Ferrellgas - Branch Manager', 'COO and General Manager', 'Production Control, Production Management, Corporate Quality', 'Shift Supervisor']"
390368,"['Branch Manager', 'Account Executive and Business Development Manager', 'Medical Center Representative', 'Medical Center Representative', 'Primary Care Representative', 'Contributor and trainer of #1 Ranked division', 'Acute Care Representative', 'Medical Center Representative', 'Sales Leader', 'Medical Representative']"
390383,"['trabajo como jefe de tráfico', 'Coordinador de casales infantiles y juveniles', 'Asesor de entidades infantiles y juveniles', 'Conserje de instalaciones deportivas', 'Dto.2  como codificador-encuestador y Administrativo', 'Coordinador de comedores escolarCoordinator of school canteens', 'Monitor de actividades en inglés', 'Town Hall of Santa Coloma de Cervello, Técnico', 'Monitor de comedores escMonitor school canteens', 'Representante de atención del servicio al cliService Representative']"
391722,"['Franchise Owner', 'Bronze Sales Achievement', 'Account Manager', 'Account Manager', 'Multi-Franchise Owner', 'Sales', 'Sales', 'Sales', 'Sales', 'Hazardous Waste Supervisor']"
394231,"['Office Manager', 'Lending, Annual Reviews, Verbal and Written Warnings, Customer Service, Sales, Money Handling, Order and Ship Currency, Audit Tr', 'Personal Banker/Supervisor', 'Assistant Customer Service Supervisor', 'Customer Service Associate', 'Filing, Data Entry, and Quality Control', 'Customer Service, Sales, Money Handling, Order and Ship Currency, Order and Audit Traveler Checks, Order and Audit Money Orders,', 'Certified Customer Service Representative', 'Customer Service, Lay-Away Reconciliation, Stock Shelves, Money Handling, Data Entry, and Multi-Line Phone', 'Night Cashier']"
403098,"['Law Clerk, Montgomery, Chapin, Fetten P.C Attorney', 'Intern', 'Assistant Head Coach', 'Outside sales, selling roofing, siding, and windows', 'Lifeguard', 'Athlete', 'Volunteer', 'Annual Giving Associate', 'Intern', 'Lifeguard']"
417839,"['Assistant Resident Engineer', 'Head Estimator/Project Manager', 'Project Manager/Estimator', 'Project Manager', 'Project Superintendent', 'Project Manager/Superintendent', 'Project Manager', 'Project Engineer', 'Resident Engineer', 'Project Engineer']"
423999,"['Online Marketing', 'Mumbai Software Engineer', 'Team Member', 'Team Member', 'Team Member', 'Lucknow Software Trainee', 'Team Member', 'Bangalore as Internship', 'Online Marketing', 'Online Marketing']"
437833,"['Lead Designer - Web Services/Print Services', 'Managing Partner', 'Faculty Manager', 'Communication and Marketing Assistant', 'Communications and Marketing Assistant', 'Graduate Assistant', 'Graphic Design Intern', 'Teaching Assistant', 'Promotion/Publicity Coordinator', 'Graphic Design Intern']"
438801,"['Store Associate/Warehouse Associate', 'Lifeguard', 'Sales Associate/ Cashier', 'Manager', 'Security Officer', 'Sale Associate/ Warehouse Associate', 'Shipping and Receiving Processor', 'Stock Clerk', 'Instructional Aide', ""Carpenter's Assistant""]"
440435,"[""Utility production assistant for '30 ROCK"", 'Freelance Production', 'Production associate', 'production assistant', 'Art production assistant', ""Camera Operator for 'Late Night Republic"", ""Graphic designer for feature film 'Fugly!' Starring John Leguizamo"", 'Presentation Designer', 'Graphic Designer', 'Graphic Designer']"
446180,"['Used Car Director', 'Used Car Director for Courtesy Toyota and Coggin Honda', 'Executive', 'General Manager of Coggin Pontiac Buick Gmc', 'GENERAL SALES MANAGER', 'GENERAL SALES MANAGER', 'Sales Manager', 'SALES MANAGER', 'GENERAL SALES MANAGER', 'Sales']"
449137,"['Customer Relations, Store Maintenance', 'Video Studio Assistant, camera man, post-production video capture', 'Data Conversion Operator', 'Data Entry, HCFA, UB92', 'Customer relations manager for GM customers', 'Data entry, classifieds, HTML', '(Software Spectrum) AOL & Windows Technical Support, AOL Sales & Registration', 'Medical Billing, data entry, HCFA, UB92', 'Executive assistant to C.E.O E. John Harrah', 'Courier']"
449986,"['LICENSED PRACTICAL NURSE', 'LPN', 'LICENSED PRACTICAL NURSE', 'LICENSED PRACTICAL NURSE', 'SALES MANAGER', 'COMPUTER TECHNICIAN', 'TECHNICIAN', 'AGRICULTURE INSTRUCTOR', 'MECHANIC', 'TECHNICIAN / SALES']"
453857,"['Dependency Case Manager', 'Customer Service  Representative', 'Package Handler', 'Department of Juvenile Justice', 'Volunteer Mentor Program', 'Internship', 'Clerk', 'Financial Aide Secretary', 'Childcare Specialist', 'Data Entry Clerk']"
471361,"['Marketing and Sales Officer', 'Branch Manager', 'Banking Center Manager', 'Financial Service Representative', 'Assistant Vice President', 'Banking Center Manager', 'Branch Manager  -  Ellicott City Branch', 'Customer Service Associate', 'Savings Representative II', 'Head Teller']"
471723,"['Teacher', 'Teacher', 'Missionary', 'College Instructor', 'Health Educator', 'College Instructor', 'Health Educator', 'Health Consultant', 'Health Consultant', 'First Grade Teacher']"
490853,"['Comforcare Home Health Service RN Home', 'Bayada Nurses Home Care RN for pediatric', 'Adjunct Professor, Anatomy and Physiology, Allied Health / Nursing students', 'Assistant Professor Biology/ Science Education Program', 'Assistant Professor, Biology, Anatomy and Physiology', 'Adult High School GED Program, Instructor of Biology', 'Adjunct Instructor, Anatomy and Physiology', 'Registered nurse', 'health Care Instructor', 'Nurse for Labor and Delivery']"
502115,"['Inside Sales Representative', 'Sales Representative', 'Inside Sales Representative', 'Inside Sales Representative', 'Branch Manager', 'Inside Sales Representative', 'Owner - Photographer', 'Technician (Mechanical)', 'Self Employed', 'Fabrication Specialist']"
510604,"['Patient Administration Specialist', 'Student Worker', 'Public Health Ambassador', 'Financial Aid Assistant', 'Treasurer', 'Volunteer', 'Facilitator', 'Student worker', 'Dispatcher', 'Aide']"
527883,"['Assistant Manager/Receptionist', 'Post Adoption Program Assistant', 'Assistant Manager/Receptionist', 'Receptionist', 'Player Development Intern', 'Senior Peer Counselor, HEOP/ACCESS Program', 'Teleprompter Operator', 'Peer Mentor', 'Peer Counselor', 'Tutor']"
528944,"['Document Specialist', 'Shipping & Receiving Clerk', 'Shipping and Receiving Clerk', 'Customer Service Representative/Administrative Asst', 'Shift Supervisor', 'Driver', 'Medical Transportation Driver', 'Legal Secretary', 'Toll Collector', 'Legal Secretary - Collections, family, civil litigation']"
533647,"['Warehouse Associate', 'Sales Associate', 'Technical Client Services Rep', 'Level II Helpdesk Technician', 'Logistics Technician', 'Technical Support Specialist', 'Help Desk Technician', 'Help Desk Representative', 'Call Agent', 'Customer Service Representative', 'Technician', 'Correspondence Clerk']"
538632,"['Curriculum Manager Trades', 'Department Chair Trades', 'Board Member Electrical certification', 'Instructor', 'Instructor', 'Journeyman Electrican', 'Construction Electrician in Studio Sound', 'Electrical Construction Foreman', 'Maintenance Coordinator', 'Maintenance Electrician']"
541712,"['Sr. Application Developer', 'Sr. Application Developer', 'Project Manager', 'Sr. Systems Analyst', 'Sr. Systems Analyst / Crystal Enterprise Administrator', 'Kana Administrator / Application & Report Developer', 'Programmer Analyst', 'Sr. Systems Analyst', 'Sr. Systems Analyst', 'Systems Analyst']"
554251,"['Psychiatrist', 'Adjunct Professor teaching Human Anatomy and Physiology', 'Psychiatrist', 'Psychiatrist', 'general adult medication management', 'Psychiatrist', 'Outpatient psychiatry, medication management for general adult patients', 'Research Assistant', 'Veterinary Assistant', 'Veterinary Assistant']"
562569,"['Project Manager', 'GRANT WRITER', 'Sales and Membership Director', 'various positions listed', 'Project Manager/Editor', 'Sales Trainer', 'Cable Local Number Portability Supervisor', 'Cable Provisioning Specialist', 'Senior Trainer, West Region', 'Regional IT Trainer West Region']"
572439,"['Intern', 'Calling All Saints, Student Development Officer', 'Teaching Assistant', 'Intern, Wealth Management', 'Treasurer', 'Researcher', 'Office of the President, Student Assistant', 'Investment Club, Member', 'Chair of Publicity', 'Manstwe Amantle, Administrative Secretary']"
573445,"['Various Positions', 'Payroll/HR/Admin Clerk (Assignment ended)', 'Customer Service (Special project, Good Hands Certification Specialist)', 'Front Desk/Receptionist (Two days only, tax season)', 'Receptionist (one week only, covering employee vacation)', 'Personnel Specialist II/Sr. Personnel Specialist', 'Office Specialist II', 'Office Specialist II', 'Office Assistant II', 'Office Specialist II']"
573672,"['Tier II Technical Specialist', 'Tier 1 Apple Advisor', 'Manufacturing Technician', 'Senior Manufacturing Technician', 'Electronic Sales', 'Computer Systems Technician', 'Independent Systems Consultant', 'Manufacturing Technician', 'Senior Electronics Technician', 'Engineering Technician']"
580296,"['Truck driver', 'Truck Driver, deployment to Iraq', 'Truck Driver', 'Truck Driver', 'deputy', 'Deputy Jailer (SGT./Supervisor)', 'laborer', 'Yard worker', 'Deputy Jailer', 'squad leader']"
585633,"['Teacher Assistant', 'Retail', 'assisting in loss prevention', 'Booking Clerk', 'Medication administration', 'EECP Therapist', 'Cashier', 'Front desk clerk', 'Guest services/front desk clerk', 'File clerk and policy writer', 'Assistant Director']"
602768,"['Project/Construction Manager/Consultant', 'Project Manager', 'Project Manager', 'Project Manager', 'Project Manager', 'Systems Application Engineer', 'Systems Analyst, Energy Manager', 'Air Conditioning Shop Supervisor', 'Project/Construction Manger/Consultant', 'Air Conditioning Mechanic']"
621472,"['Lead System Analyst BAE Systems', 'Traveling Technician', 'ESTIMATOR / BOM SPECIALIST Q.B.M.S', 'TELECOMMUNICATIONS', 'Security Technician', 'Fire Alarm Security Technician', 'Estimator', 'Project Officer / Estimator', 'Lead Electrician', 'NONE']"
638532,"['Phosphorus Glass Removal (PGR) Process Operator', 'Phosphorus Glass Removal (PGR) Process Operator', 'Print Line Operator', 'Etch Technician', 'fab Vacuum Systems Technician', 'D1C Area Training Representative', 'Fab Bulk Chemical Supply Technician', 'Training Developer', 'Fab Module technician', 'Installation Technician']"
638837,"['Painter', 'Clerk/Cashier', 'Clerk', 'Truck Driver', 'Clerk', 'Truck Driver', 'Cook', 'Truck Driver/Kitchen Cook', 'Weed-Eater Operator', 'Truck Driver']"
666184,"['Alcatel Design CAD EBH Engineer', 'Project Manager and President', 'Network Engineer', 'Switch Engineer', 'Switch Engineer', 'Wireless Switch Technician', 'conductor brakeman', 'Switch Test Engineer', 'Engineering Technician', 'Licensed Electronic Technician']"
671580,"['Mediacal Assistant', 'Assistant', 'Medical Assistant', 'Medical Asst/Receptionist', 'Sales Support', 'Appraisal Assistant', 'Homemaker', 'M. A. and Supervisor', 'Medical Asst/Receptionist', 'Receptionist/Medical Asst']"
688975,"['Instructor', 'Licensed Banker', 'Licensed Insurance Agent', 'Instructor', 'Inside Sales Manager', 'Branch Manager III', 'Assistant Vice President-Financial Center Manager III', 'Assistant Vice President-Financial Center Manager III', 'Adjunct Instructor', 'Assistant Vice President of Business Banking']"
689987,"['Eielson Officer Spouses Organization', 'Project Manager', 'Practice Administrator', 'Medical Administrator', 'Customer Service Manager', 'Customer Service Manager/Admitting Manager', 'Admitting Department Manager', 'Medical Assistant/Phlebotomy Instructor', 'Branch Manager', 'Combat Medic']"
694106,"['Service supervisor', 'Customer service', 'Customer service', 'Customer Service', 'AO Lead', 'Business Development Banker', 'Distribution Clerk', 'Wet Grind Assistant', 'Temp', 'SLIMFAST Processing Technician']"
699080,"['Independent Consultant', 'Sr. Manager', 'Application Delivery Manager', 'Senior Program Manager', 'Program Management Office Manager', 'Regional Client Engagement Manager', 'Business Development Manager', 'Senior Program Manager', 'Service Delivery Manager', 'Senior/Support Customer Engineer']"
700079,"['Customer Service Specialist - Donor Recruitment', 'Personal Care Assistant/House Manager', 'Receptionist ⇨ Bookkeeping ⇨ Collections', 'Loan Officer Assistant', 'Executive Assistant to Owner', 'Assistant to the Regional Manager', 'Sr. Administrative Coordinator', 'Cashier - PT - Evenings', 'Administrative Assistant', 'Recording Clerk ⇨Abstract Secretary ⇨ Abstract Coordinator']"
706616,"['Lead Case Manager VISTA Program', 'Director of Social Services', 'Director of Social Services', 'Licensed Social Worker', 'Central Scheduling Representative', 'Claims Adjuster III', 'Scribe/Medical Assistant', 'Various Technical Positions', 'Renal Dialysis Technician', 'Cardiovascular Technician']"
710667,"['Senior Project Manager', 'Senior Project Manager', 'Senior Project Manager', 'Director', 'Senior Project Manager', 'Senior Project Manager', 'Senior Project Manager', 'Director Project/ Construction Manager', 'Construction Manager / Administrator', 'Project Manager']"
715928,"['Senior Accountant', 'Accountant / Fiscal Specialist', 'Staff Accountant', 'Accountant (Contract)', 'Accounting Manager', 'Accountant', 'Accountant III', 'Staff Accountant', 'Staff Accountant - Management', 'MGR']"
726857,"['Head Baseball Coach', 'Coach', 'Substitute Teacher', 'Substitute Teacher', 'Substitute Teacher', 'Head Varsity baseball coach', 'Footwear/ Sales Associate', 'Sales Manager', 'Inspector', 'Full-time Student & Activity Coordinator/Missionary']"
733611,"['IMAGING AND PRODUCTION OPERATOR', 'MAIL CLERK', 'VOLUNTEER', 'CUSTOMER SERVICE/PROBLEM RESOLUTION REPRESENTATIVE', 'SOCIAL SERVICES OFFICE ASSISTANT', 'MAIL CLERK', 'DONATION CENTER VOLUNTEER', 'OFFICE VOLUNTEER', 'SALES ASSOCIATE', 'TECHNICAL SUPPORT SPECIALIST', 'PASSPORT AGENT SPECIALIST', 'SERVICE ORDER SUPPORT SPECIALIST', 'OFFICE ASSISTANT/COPY EDITOR CLERK/INVOICE CLERK', 'RESOLUTIONS ASSISTANT/CUSTOMER RELATIONS']"
744899,"['Licensed Practical Nurse (LPN)', 'Licensed Practical Nurse (LPN)', 'LPN Facilitator', 'Drug/Alcohol Detox Nurse', 'Medication/Treatment Nurse', 'Private Duty Nurse/Staff Nurse', 'Private Duty Nurse', 'Staff Nurse/Private Duty Nurse', 'Private Duty Nurse', 'Licensed Practical Nurse']"
758375,"['Electrical Utilities Management Program (EUMP)', 'Electrical Utilities Management Program (EUMP)', 'Teaching Assistant', 'Computer Systems Architecture I & II Lab', 'Lab teaching Asisisance', 'Research Assistant', 'Lab teaching Assistance', 'Research Assistant, Waste Management Education and Research Consortium (WERC)', 'Inventory control and management, Kmart', 'Electrical Field Engineer']"
759036,"['Benefit Verification Specialist', 'Quality Analyst', 'CAE', 'Afterschool Counselor', 'Sales Consultant', 'Flow Team', 'CSR', 'Barista', 'Projectionist', 'Sales Consultant']"
759274,"['Private Tutor', 'English Teacher', 'Teacher', 'Language Arts Teacher', 'Language Arts Teacher', 'Art/Drama Camp Teacher', 'Drama Teacher', 'Medical Transcriptionist', 'Medical Transcriptionist', 'Asst Teacher Drama Program']"
764563,"['Event Sales Representative', 'Host/Producer', 'Productions Assistant', 'Underclass Photographer', 'Public Relations Assistant', 'Shift Leader/Assistant Manager', 'Communications Specialist', 'Team Member', 'Producers Assistant', 'Human Resources Assistant', 'Student Assistant']"
773749,"['Administrative Assistant', 'Administrative Assistant', 'Admin', 'US Census Bureau', 'Reconditioning & Returns Specialist', 'Unit Manager', 'Quality Assurance Specialist', 'Courier/Team Lead', 'Senior Service Agent', 'Customer Service Rep']"
774804,"['Intake/Patient Care Coordination/Scheduler', 'Administrative Asst', 'Intake Coordinator', 'Branch Office Coordinator', 'Scheduler', 'Administrative Asst/Oasis Intake Coordinator/Scheduler', 'Executive Assistance', 'Administrative Assistance/Scheduler', 'Pharmacy Clerical Support', 'Lead Teacher/Scheduled meeting']"
793889,"['Recruiter (Independent Consultant)', 'Career Development Coach', 'Business Analysis', 'HR Training Coordinator', 'Employee Relations Specialist', '(Part-time) - Consultant  - Independent Consultant', 'Temporary contract assignment', 'Contract Temporary Assignment  (State Pilot Program) - Personal Services Representative / Consultant', 'Area Manager, Ft. Worth Market', 'Pizza Hut Express Training Supervisor - Express Training Center Supervisor/Coach - Department Head']"
796617,"['Migration Analyst', 'System Administrator (Freelance)', 'Technical Analyst', 'Helpdesk Analyst', 'Contractor', 'Contractor', 'Contractor', 'Junior System Administrator', 'Junior System Administrator', 'Intern']"
797031,"['Technical Support Specialist', 'Project Data Analyst', 'Customer Service Representative', 'receptionist/ admin assisting and working', 'Office Assistant (Clerical/Reception)', 'Partner Records Representative', 'Partner Contact Center Representative', 'Clerical Assistant', 'Customer Service/ Sale Associate-Banker', 'Sales Associate']"
799338,"['RN', 'RN', 'RN', 'director of nursing for the Non-Medicare Division', 'RN', 'Fun Co Site Director', 'LPN Nursing Instructor', 'staff RN', 'TN. Oncology and Pain Center Staff', 'TN Oncology staff nurse']"
803931,"['Operations manager', 'Branch manager', 'Branch Mgr', 'General Manager', 'Branch Manager', 'Field Manager', 'District Operations Manager', 'Manager', 'Manager', 'Store and Training Manager']"
804755,"['Christ Butler- Manager', 'Shift Manager', 'Laborer/ Sub-contractor', 'Beth, Manager', 'Service Manger/Lead', 'Service Manger', 'Ben, Manager', 'Laborer', 'Sales Associate', 'UPS']"
806501,"['Director of Sales', 'Director of Sales', 'General Manager', 'Director of Sales', 'Director of Corporate Sales', 'Director of Sales', 'Area Sales Manager', 'Area Sales Manager', 'Employment Coordinator', 'Reservations Sales Agent']"
810635,"['Implementation Manager', 'Regional Manager, Switch/Field Operations', 'Market Manager, North and South Carolina, and Louisiana markets', 'Project Manager', 'Senior Program Manager', 'Manager of Network Operations', 'Manager of Network Operations', 'Manager of Network Operations', 'Project Manager', 'Supervisor, Network Operations']"
820269,"['LG Electronics Mobilecomm  Duties included: Inspecting Cell phones, cleaning, installing software, and programming cell phones.', 'Catalyst Carpenter/ Butler Furniture', 'Forklift operator', 'Assistant PE instructor', 'Express yourself Program for 3hrs a day', 'Assistant PE instructor', 'Coaching kids', 'Assistant PE instructor', 'Basketball Camp instructor', 'Material handler, Loading airplanes, and team leader']"
822008,"['Office Manager', 'Community Outreach Coordinator, Director', 'Patient Coordinator', 'Receptionist/ Endo Assistant', 'Dental Assistant/ Receptionist', 'Surgical Assistant/ Receptionist', 'DENTAL ASSISTANT II', 'DENTAL ASSISTANT', 'NURSING ASSISTANT', 'DENTAL ASSISTANT']"
828614,"['Support Service Coordinator', 'Internship', 'Inventory Assistant - Temporary Assignment', 'Logistics Manager', 'Operations Manager - Project Manager', 'Inventory Specialist', 'Start-up Team / Customer Service / Returns Specialist', 'Staple Stock Receiving / Put-away Driver', 'Inventory / Cycle Counter / Checker / Order Filler', 'Supervisor / Merge Operator / Quality Control']"
851572,"['Medical Assistant', 'Fire Protection Designer', 'Fire Protection Designer', 'Fire Protection Designer', 'General Foreman', 'Anestesia Service Coordinator/Circulator', 'OR RN Staff Nurse/ Scrub Nurse', 'OR Technician/Othopedic Technician professor', 'OR RN Staff Nurse/ Scrub Nurse', 'OR RN Staff Nurse/ Scrub Nurse']"
852892,"['Social Worker', ""Director of Men's Cancers"", ""Director of Kid's Program"", 'Program Coordinator of Caregiver Program', 'Clinical Telephone Group Supervisor', 'Senior Clinical Supervisor of Clinical Services', 'Director of the Individual Cancer Assistance Network (ICAN) Program', 'Clinical Oncology Social Worker', 'Program Coordinator for Prostate Cancer Program', 'Social Work Intern']"
853019,"['Mobile MRI Logistics Engineer', 'Mobile MRI Logistics Engineer', 'Mobile MRI Support Engineer', 'Logistics Engineer', 'Fire Direction and Control Specialist', 'Global Sales and Use Tax Reporting Associate II', 'Librarian Assistant and Computer Technician', 'Librarian Assistant', 'Trucking Owner/Operator', 'Computerized Lathe Machinist']"
855644,"['Customer Service Specialist II', 'Social Media Representative hired', 'Customer Service Representative', 'Escalated Consumer Representative', 'Collection Representative but was hired', 'Marketing Assistant for Keystone Automotive', 'Receptionist, P/T. Greeted and prepared patients and owners', 'Teller', 'Teller', 'Participant Services Representative']"
872313,"['Project Manager Fixed Income/Equity/Repo IT (CONSULTANT)', 'Project Manager for the BoW', 'Project Manager', 'Project Manager, GWM division', 'Engagement Manager/Internal Project', 'Program Manager', '(Employee) Senior Business Analyst-Project Lead', 'Project Manager/SME', 'Project Manager/Business Analyst', 'Program Manager/Sr. Business Analyst']"
875432,"['VP Behavioral Health Division, Addictions, Crisis and Outpatient Mental Health Center', 'Corporate Director of Behavioral Health Division', 'Executive Director of Behavioral Health', 'Director/Operations of Behavioral Health', 'Social Worker, Nurses, SASS Agencies', 'Supervisor', 'Clinical Therapist', 'Clinical Coordinator', 'Clinical Study Coordinator', 'Clinical Research Assistant']"
877885,"['General Manager', 'Director of Operations El Paso-Juarez', 'General Manager', 'General Manager', 'Senior Manager, Production & Projects', 'Senior Vice President', 'Vice President of Operations', 'Misc Titiles', 'Manager, Special Projects Rubbermaid Home Products Division', 'Various management positions']"
882710,"['SENIOR PHARMACY TECH', 'SENIOR PHARMACY TECH', 'HOME HEALTH AIDE', 'PHARMACY TECH', 'PHARMACY TECH', 'PROCESSOR', 'HOME HEALTH AIDE', 'CUSTOMER SERVICE', 'CUSTOMER SERVICE', 'CASH VAULT TELLER 1']"
887850,"['day production supervisor', 'detailer', 'Construction project supervisor', 'Mortgage broker', 'Loan processor', 'Carpenter', ""Special education teacher's aide"", 'Auto Body Tech', 'Physiacl therapy Tech', 'Physical Therapy Tech']"
891472,"['Consultant', 'Senior Subcontracts Administrator', 'Senior Contracts Administrator - Procurement Compliance Administrator', 'Contracts Manager', 'Contract Consultant (Consultant Assignment)', 'Contract Administrator (Temporary Assignment)', 'Contract Administrator (Consultant Assignment)', 'Contract Specialist', 'Contracts Administrator', 'Contracts Manager']"
892713,"['Flooring Specialist/ Dept Manager', 'Owner/ Installer', 'Assistant Manager', 'Asset Protection Associate', 'Owner/ installer', 'Warehouse Manager &amp; Crew superintendent', 'Zone Manager', 'Paramedic', 'Emergency Medical Dispatcher', 'Firefighter/Paramedic']"
899217,"['Sound and Communications Installer/Technician', 'Cable Technician', 'Sound and Communication Installer/Technician', 'Sound and Communication Installer/Technician', 'Sound and Communication Installer Apprentice', 'Sr. Microwave Transmission Engineer/Technician', 'Systems Asst', 'Field Engineer/Technician', 'Assistant Project Engineer', 'Technical Support Engineer']"
901692,"['Finance manager', 'Finance manager/internet manager/bdc mgr', 'Finance director', 'Finance director', 'Sales', 'Finance Manager', 'Finance Manager', 'Finance Manager', 'Finance assistant', 'Cashier']"
902498,"['Delivery Man', 'Floor Staff', 'Senior Bible Study Counselor', 'Church Retreat Chaperon', 'Volunteer', 'Chasis engineer', 'Team Member', 'Junior Camp Counselor', 'Co-Executive Manager', 'Junior Director']"
904298,"['Transport Driver', 'Tour Bus Driver', 'Tanker Driver', 'Tanker Driver', 'Tanker Driver', 'Transport Driver', 'Tanker Driver', 'Real Estate Salesman', 'Real Estate Salesman', 'Tanker Driver', 'Nitrogen Engineer']"
904528,"['Mortgage Loan Specialist', 'Temporary Employment Assignments', 'Quality Control Manager', 'Temporary Employment Assignments', 'Document Analyst', 'Document Analyst', 'Help Desk Claims', 'Loan Processor', 'Loan Processor', 'Payroll/ Billing Specialist']"
906817,"['SES Reading Tutor', 'Project/Reset Retail Merchandising', 'Hope Corps Voter Registration Project', 'Volunteer', 'United Blood System Donor Outreach Coordinator', 'Business English, Writing, Speaking, and Listening Professor', 'Sustainability Implementation Intern', 'Project Management Planning Division Intern', 'Volunteer', 'Colorado Plateau Biological Technician']"
919546,"['Budget Analyst (Contract)', 'Acct. Adv', 'S.C. Ca. Sr. Fixed Asset Analyst', 'A/P/Accountant/Analyst (Contract)', 'Sr. A/P/Financial Analyst', 'Sr. Fixed Asset Analyst', 'A/P Analyst (Contract)', 'Sr. Accountant/Analyst', 'A/P Financial Accountant', 'Sr. Staff Accountant (Part-time)']"
929813,"['Independent Freelance Consultant', 'Bi-lingual Sr. Analyst', 'Software Consultant', 'Consultis, 605 Crescent Executive Ct, #132, Lake Mary', 'Software Consultant', 'Sr. Analyst', 'Sr. Systems Analyst', 'Sr. Systems Analyst', 'Sr. Systems Analyst', 'Sr. Systems Analyst']"
932910,"['Customer Service/Sales', 'Customer Service', 'Collections Representative', 'Admissions Representative', 'Customer Service/Outbound Support', 'Operator', 'Customer Care Representative', 'Retail Sales', 'Teacher Aide', 'Substitute Teacher', 'Clerical Assistant II']"
935686,"['Cashier', 'Care-giver', 'Data Entry Clerk', 'Data Entry', 'Clerical/Admin - Copy Clerk, Sr. - Level 2', 'Claims Support Specialist', 'Shift Manager', 'Data Entry', 'Teller', 'Customer Service']"
947002,"['Specialist Commissioning Engineer', 'Shift Supervisor', 'Senior Process Engineer', 'Real Estate Agent- Residential', 'Co-op Trainee Engineer', 'Production Manager', 'Head of Cement and Packhouse', 'Head of Production Duty', 'Joined as a Shift Engineer', 'Shift Engineer']"
947556,"['FINANCIAL/BUDGET CONSULTANT', 'FINANCIAL ANALYST', 'VICE PRESIDENT COMMERCIAL LENDING', 'VICE PRESIDENT COMMERCIAL LENDING', 'LOAN OFFICER', 'COMMERICAL LENDING SPECIALIST', 'ASSISTANT VICE PRESIDENT COMMRECIAL/ CONSUMER LENDING', 'CREDIT ADMINISTRATION', 'ASSISTANT ACCOUNTING ADMINISTRATOR', 'INSIDE SALES PROGRAM']"
951922,"['Customer Service', 'Customer Care Supervisor/Trainer', 'Customer Service/Authorizer', 'Customer Care Supervisor', 'Financial Services Senior Representative', 'Military', 'Military', 'Military', 'Military', 'Military', 'Military']"
953524,"['Project Support', 'LEASING CONSULTANT/ADMINISTRATIVE ASSISTANT/RECEPTIONIST', 'Temporary Office Manager / Payroll administrator', 'Legal Secretary', 'Medical Records Clerk', 'Administrative Specialist III', 'Office Clerk II', 'Office Assistant II', 'Bank Teller', 'volunteer']"
953659,"['Finance & Administration Cabinet', 'Executive Secretary II', 'Executive Secretary II', 'Bullitt County Pretrial Program Supervisor', 'Nelson County Pretrial Officer III', 'Assistant Manager', 'Clerical, Collections, Administrative, Orientations, and Customer Service', 'Sales Associate', 'Sales Clerk', 'Office Worker, Volunteer']"
954495,"['Substitute Teacher', 'Substitute Teacher, Assistant, One', 'Manager Hub Operations', 'Quality Management Representative', 'Driving Instructor, Administrative Assistant', 'Language Arts Teacher', 'Manager of Administration and Publications, Book Editor', 'Bartender, Shift Manager, Server, Cook', 'Language Arts Teacher', 'Long Term Substitute Teacher']"
956474,"['Diver', 'Roofer, laborer, sub-foreman', 'Diver, Construction Crew, Equipment Operator', 'Roofer, laborer, Sub-foreman', 'Commercial Diver', 'Install Crew Leader', 'Brokers Assistant', 'Brokers Assistant/Dock handler/Trailer Jockey', 'Owner/Operator of Pest control company', 'Forklift Operation/Yard Jockey']"
967668,"['Accounting Clerk', 'Tax Examiner', 'Customer Service Call Center', 'Accounts Payable/Payroll', 'Receptionist', 'Customer service, accept payments, make payment arrangements', 'Extensive Data Entry', 'Customer Service', 'Office Manager', 'Accounts Payable', 'Attending classes to become a Customer Service Representative', 'Customer Service, Reconciled Drivers Routes, Daily Deposits']"
970078,"['Refuse Collector', 'Packing Assistant', 'Manager', 'Sanitation Dept. Temp. Refuse Collector', 'Al or Bob Brewer, Supervisor', 'Dist. Supervisor', 'Supervisor', 'James Brooks, Supervisor', 'John, Supervisor', 'Jerry Devine, Supervisor']"
983119,"['Part Time Team Member-Front End-Cashier', 'Contractor', 'Contractor', 'Contractor', 'Contractor', 'Contractor', 'Accounting Principles-(Contractor)', 'Contractor', 'Commercial Accounts Manager and Payroll Analyst', 'Employee Loans, Child Support, Garnishments']"
994243,"['General Manager', 'Adjunct Professor', 'Account Executive', 'Manager Quality Assurance', 'Master of Business Administration Degree', 'Senior Quality Engineer', 'Quality Control Manager', 'Alpha Pi Mu, Industrial Engineering Honor Society Member', 'Industrial Engineer', 'Tau Beta Pi, Engineering Honor Society Member']"
995672,"['Network Technician', 'Network Technician', 'Technician', 'Technician', 'Customer Service', 'Technician', 'Technician', 'Technician/Supervisor', 'Warehouse Specialist, Sales Rep', 'Technician']"
1001061,"['Project Coordinator', 'Project Manager', 'Assembly Technician', 'Computer Operator', 'Central Supply Technician', 'Engineering Tech/ CAD Coordinator', 'CAD Technician', 'Calibration Inspector', 'Customer Service Associate', 'Receiving and Training Clerk']"
1001100,"['Senior Appeals Analyst United Health Care', 'Claims Business Process Analyst United Health Care', 'Temporary Agencies/Contract Work Accounts Receivable', 'Operations Supervisor', 'Cost Management Analyst', 'Accounts Receivable Manager', 'Senior Collections Account Manager', 'Underwriter', 'Credit Collections Manager', 'Senior Credit Analyst']"
1012560,"['Team Lead', 'Store Manager', 'Store Manager', 'sales Manager', 'Shift supervisor', 'Product Flow Team Supervisor', 'Product Flow Specialist', 'sales associates', 'Assistant site Manager', 'Junior Consultant', 'Commercial Assistant']"
1020404,"['Data Systems Analyst', 'Business Owner/Computer Consultant/Technician', 'Project Coordinator', 'Help Desk Support Professional Forest Service', 'SAP IT Systems Data Analyst, Central Data Administration', 'Contractor', 'Virtual (Telecommute) Sales/Customer Service Agent', 'Manufacturing Process Engineer', 'Application Support Specialist', 'Help Desk Specialist']"
1022942,"['Customer Care Professional', 'Operations Supervisor', 'Account Executive', 'Delivery Driver/Assistant', '- Operations Manager/Valet Attendant', 'Tax Preparer', 'TSR Representative', 'Leader Marketing', '- Unit Supply Specialist', 'Marketing Sales Representative']"
1026008,"['Seasonal Help', 'Temporary Job', 'Certified Claims Processor', 'Assistant Manager', 'Teller', 'Head Teller', 'Customer Support, Loyalty and Sales', 'Patient Services Manager', 'Assistant Manager', 'Customer Service Representative']"
1028333,"['FOH Manager', 'Produce Associate', 'Manager', 'Forklift operator', 'Line cook.', 'Administrative meeting, Executive Meeting, Union meeting', 'GM. Martin, Kitchen', 'HMS host', 'Kitchen manager', 'Manager']"
1042874,"['Production Control Clerk/Payroll', 'Production Control Clerk/HR Rep', 'Colina Health Care', 'Staffing Coordinator, Interim Staffing', 'Cashier', 'Staffing Coordinator, Advantage Staffing', 'Medical Clerk', 'Staffing Coordinator', 'Activity Director', 'Treatment Specialist']"
1042976,"['Assistant Community Manager', 'Catering Cook  / Carving Station / Banquet Server  / Hostess', 'Apartment Leasing', 'Assistant Community Manager', 'Leasing Consultant', 'Administrative Assistant Manager (part-time)', 'Customer Service Representative', 'Loan Officer', 'Processor / Settlement Agent', 'Assistant Manager / Trainer -Credit Card Department']"
1047819,"['Deputy Troop Commander', 'Deputy Troop Commander', 'Assistant Bureau Chief • Field Operations Section', 'Branch Administrative Officer', 'Section Administrative Officer', 'Assistant Section Administrative Officer', 'Bureau Administrative Officer •  Field Operations Section', 'Administrative Sergeant • Field Operations Section', 'North Region Supervisor • Field Operations Section', 'Administrative Sergeant • Field Operations Section']"
1051864,"['Actress', 'Producer/Actress/Hair and makeup', 'Guest judge', 'Tour manager/Hair and makeup', 'Festival coordinator', 'Hair and Makeup Artist', 'premium services (VIP) within three weeks of employment', 'Public relations liason/Promotions', 'Customer Service Associate', 'Assistant manager']"
1060488,"['Change Control Management', 'Sr. Business Analyst', 'Sr. Business Analyst', 'Sr. Business Analyst', 'Sr. Business Analyst', 'Project Manager / Sr. Business Analyst', 'Sr. Business Analyst', 'Project Manager', 'Engagement Manager', 'Advisory Information Systems Analyst']"
1066000,"['Department Manager', 'Sales Consultant - Dyer and Dyer Volvo', 'Sales Consultant - Nalley Volvo, Marietta, GA', 'Assistant Sales Manager/Trainer', 'Sales Consultant', 'Sales Consultant', 'Sales Consultant', 'Sales Consultant - Pomoco Auto Group', 'Member of the Professional Sales', 'Salesman']"
1070205,"['Patient Service Representative/Back Office Secretary', 'On Assignment - Medical Secretary/ Receptionist/ Scheduler', 'On Assignment - Patient Service Coordinator', 'On Assignment - Call Center Associate', 'On Assignment - Patient Service Coordinator', 'Patient Service Coordinator Support/ Data Entry Clerk', 'Data Entry Clerk/ Administrative Assistant', ""Executive Administrator's Assistant"", 'Senior Call Center Representative', 'Intern - Moving Committees']"
1072040,"['Supervisor and Environmental Tech', 'Superintendant and Branch Manager', 'Pipeline Coordinator/ Construction Coordinator', '(March) - Grasso Production Management', '(Oct) - Grasso Production Management', '(Oct) - Grasso Production Management', 'U.S. Coast Guard Regulations and Policies', 'Operator', 'Contract Lease Operator', 'Contract Dispatcher/Expeditor']"
1074487,"['Field Service Tech', 'Individual Investor', 'Personnel Manager', 'Real Estate Sales & Development - Broker/Developer Assistant - comparative market', 'Automotive Shop Manager', 'Independent contractor', 'Community Association Manager Intern- Managing', 'Individual Investor', 'Senior Program Leader', 'Management Positions']"
1080492,"['Recording Engineer and Drums', 'Drummer', 'Recording Engineer', 'Owner -  Recording Engineer', 'Recording Engineer', 'Recording Engineer', 'Recording Engineer', 'Recording Engineer', 'Recording Engineer', 'Artistic Painter and Assistant to Artist (owner)']"
1080654,"['PRO BONO CONSULTANT', 'Billing Analyst (Syniverse employee)', 'Contract Employee through Insight Global', 'Contract Employee, SACS Reaccreditation Project', 'Consultant', 'Business Analyst/Sales', 'Management Consultant', 'Business Development Executive', 'Account Manager', 'Building Materials Manager']"
1094108,"['EPIC Credentialed Trainer', 'CRM Salesforce.com and Loss Mitigation Facilitator', 'Sr. Business Analyst and Lead Trainer', 'Project Coordinator/Assistant Project Manager (Contract)', 'Project Consultant', 'Regional Manager - IBM/Dept of Defense (Contract)', 'Site Lead Trainer - IBM/Dept of Defense (Contract)', 'Full Time - Non Contracted Positions: Office Manager', 'Lead Point of Sale Trainer (Contract)', 'Quality Assurance Consultant (Contract)']"
1104394,"['SALES / MARKET MANANGER', 'BRANCH MANANGERSales', 'BRANCH MANANGER', 'ACCOUNT EXECUTIVE', 'EAST COAST BUSINESS DEVELOPMENT MANAGER', 'PRESIDENT', 'REGISTERED PRINCIPAL & SALES MANAGER', 'SALES REPRESENTATIVE', 'PRESIDENT', 'MATERIAL / PURCHASING MANAGER']"
1105157,"['teamlead inspector', 'Warehouse Associate', 'refurb', 'finesse', 'Customer Service', 'Customer Service', 'Customer Service', 'general labor', 'machine operator', 'machine operator']"
1109389,"['Hotel Reviewer', 'Feature Writer', 'Editor', 'Copy Writer', 'Mom Columnist', 'Feature Writer', 'Acquisitions Editor', 'Associate Editor Special Reports', 'Editor, Arts and Entertainment, The Sunday Guide', 'Editor. Hong Kong This Week']"
1110040,"['Sales Associate', 'Member', 'Stage Manager of College Theatre Productions', 'Guest Artist', 'Director of College Theatre Productions', 'Lead Preschool Teacher and Camp Counselor', 'Office Assistant', 'Personal Assistant to the Director of Theatre', 'Student Director of Theatre Productions', 'Presenter']"
1116240,"['Customer Service Sales/Dispatcher', 'Customer Service Sales/Receptionist', 'Customer Service/Marketing Representative', 'Customer Pharmacy Advocate I', 'Sales Customer Service Administrator', 'Data Entry Operator-State Compensation', 'Insurance Follow-Up Customer Service Specialist', 'Document Inflow Team', 'Business Excellence Data Administrator', 'Office Administrator/Customer Service']"
1123593,"['Marketing Director', 'White House Appointed Special Assistant', 'Legislative Assistant', 'Field Organizer and Office Manager', 'Tutor', 'Director of Community Affairs and Outreach', 'Field Organizer', 'Intern', 'Intern', 'Membership Director']"
1126847,"['CEO', 'Executive Vice President of parent company', 'Chief Operating Officer', 'Marketing Director', 'Chief Executive Officer', 'Chief Executive Officer', 'Financial Consultant', 'Director of Marketing', 'Director of Marketing', 'General Manager, Florida Operation', 'General Manager/Marketing director']"
1130503,"['General Partner', 'Sole Proprietor / Trading Strategist / Technical Analyst / Contract Business Factotum', 'Professional Athlete', 'I acted as a Managing Partner', 'Independent Contractor Admin Assistant', 'Contracted Part-Time Projects Accounting / Admin / Research -DBA Ipso Facto Analytics', 'Proprietary Trader', 'Assistant Portfolio Manager/ Director of Portfolio Administration', 'Intern for Private Client Services', 'Proprietary Trader/ Technical Analyst']"
1137431,"['Lunchroom Supervisor-Duncan Elementary, Shelby', 'Assistant Manager', 'Proposal Development', 'Communication Specialist', 'Lead Communicator-Application Delivery', 'Project Coordinator-Application Systems Task Force', 'Meeting Facilitator', 'Project Manager', 'Provider Relations Specialist', 'Team Leader']"
1141342,"['Temporary Agent', 'Warehouse Manager', 'Trading Desk Support', 'Executive Assistant', 'Rental Technician', 'Delivery Driver', 'Navigation Electronics Technician (SS)', 'Staff Intern', 'Trading & Research Secretary', 'Customer Service Representative']"
1142508,"['Technical Project Coordinator', 'Technical Project Coordinator', 'Quality Control and Systems Analyst', 'Quality Assurance Lead', 'Systems Analyst', 'Quality Assurance and Delivery Lead', 'Quality Assurance and Delivery Lead', 'Patch Architect', 'Patch Architect', 'Programmer']"
1161534,"['H.O.D (MECHANICAL)', 'G. M (Technical)', 'Technical Advisor (Mech', 'G.M(Mechanical)', 'Dy.G.M(MECHANICAL)', 'Dy. G. M. (Technical)', 'Togo Lead Smelter', 'Joint Chief Engineer Project', 'Mechanical Engineer', 'Maintenance Foreman / Shift']"
1167595,"['Internet car Sales', 'Business development', 'Provide Business development', 'Broadband Analyst', 'Remote Access Services', 'Remote Access Services Contract/Vendor Manager', 'Project Consultant', 'Remote Access Analyst/Project Analyst', 'Network/Computer Support', 'Network Administrator']"
1169523,"['Prep/cook', 'Porter/Kitchen Aid', 'warehouse', 'housekeeping / floor tech', 'House Manager', 'Roofing Mechanics helper', 'Mechanics Helper', 'Warehouse Laborer', 'porter/ housekeeping/floor tech', 'linen sorter / soiled']"
1169688,"['Site Supervisor / Sr. Project Manager - Assigned to the San Luis Potosi', 'Senior Project Manager - Assigned to the Ford Motor Company', 'Project Manager - Profit and loss responsibility for multiple', 'Senior Project Manager - Profit and loss responsibility', 'Sr. Project Manager', 'Project Manager - Profit and loss responsibility for multiple', 'Project Superintendent', 'Director of Construction - Project Manager for multiple large', 'Construction Manager - Project Manager and General Superintendent', 'General Contractor']"
1173797,"['Finance Manager', 'Property Manager', 'Internet Sales Manager', 'Collections Specialist', 'Branch Manager', 'Mortgage Banker/Branch Manager', 'Mortgage Loan Specialist', 'Mortgage Loan Specialist', 'Internet Sales Manager', 'Internet/Special Finance Manager']"
1178919,"['Plate Mounter', 'Recruiter', 'Production Manager', 'Production Manager', 'Department Head', 'Production Manager', 'die maker', 'Production Manager/Sales', 'Assistant Production Manager', 'steel rule diemaker']"
1180774,"['CASHIER, STOCK, FOOD PREPARATION, FUEL PUMPS', 'CUSTOMER SERVICE REPRESENTATIVE, PHLEBOTOMIST', 'CASHIER, STOCK, FOOD PREPARATION, FUEL PUMPS, ATM FILLER', 'Unemployed', 'RECEPTIONIST, PHLEBOTOMIST, FILL IN FOR MEDICAL ASSISTANT', 'RECEPTIONIST, PHLEBOTOMY TRAINING', 'VIDEO STORE MANAGER', 'SORTER, CASHIER', 'Factory Worker', 'General Manager']"
1183569,"['Assembly Technician', 'Technical Support Agent', 'Sales Associate', 'Assembly and Test Technician', 'Mechanic', 'Auto Mechanic', 'Construction Site Laborer', 'Construction Site Laborer', 'Flight Maintenance Assistant', 'Team Member']"
1184075,"['GED Plus Coordinator', 'Canadian Football League Camp Coordinator', 'Founder/Co-Owner', 'PT-Physical Education Instructor', 'Lead Instructor', 'Summer Academic Coordinator', '6Th Grade After-School Coordinator', 'Workforce Investment Act Case Manager', 'Health and Wellness Director/Athletic Director', 'Program Director/Employment Coordinator']"
1189598,"['PLC Technician', 'Part-time 2001', 'Full-time 3/2010', 'Part-time 2/2008', 'Junior Electrical Engineer', 'Full-time 12/2006', 'Full-time 12/2005', 'Electrician', 'Full-time 2005', 'Full-time in Summers']"
1196494,"['CEO', 'Dental Assistant', 'Dental Assistant', 'Dental Assistant', 'Dental Assistant', 'Head Dental Assistant', 'Dental Assistant', 'Head Dental Assistant', 'Dental Assistant', 'Dental Assistant']"
1200048,"['Project & Sales Mgr', 'Sales Manager', 'Project Manager', 'Project Manager', 'Project Manager', 'Sales Manager', 'Audit / Sales Manager', 'Installation Manager', 'Sales Lead', 'Collections Agent']"
1200913,"['Sales Representative', 'Naval Science Instructor', 'Sales Representative', 'District Manager', 'Naval Science Instructor', 'Registered Representative', 'Chief Recruiter', 'Registered Representative', 'Registered Representative', 'Recruiting Supervisor']"
1202482,"['Manager of Quality and Safety', 'Supervision of QC', 'Maintenance Supervisor', 'Project Engineer', 'Electrician', 'Electrician', 'Project Engineer', 'Quality Manager', 'Designer', 'Facility Engineer']"
1203679,"['Sales Representative', 'Operator of Food Cart', 'Director of Operations', 'Director of Operations', 'Operations Manager', 'Area Manager - East Florida Region', 'Operations Manager', 'Respiratory Therapist - Operations Manager', 'Respiratory Therapist - Operations Manager', 'Respiratory Therapist - Operations Manager']"
1204668,"['Accountant/Bookkeeper', 'Bookkeeper and Clerk', 'Office Manager', 'Manager, Accounts Receivable', 'Manager, Accounts Receivable', 'Manager, Customer Accounting, Commercial Credit Services', 'Acting Manager, Financial Planning', 'Accounting Supervisor', 'Senior Financial Analyst', 'Accounting Supervisor']"
1205018,"['Independent Contractor', 'Information Assurance/ Information Security Manager', 'Information Security Analyst II (Sr. Team Lead)', 'NETWORK OPERATION ENGINEER TECH', 'SERVER / NETWORK SUPPORT (level 2 Support)', 'DESKTOP / NETWORK SUPPORT (level 2 Support)', 'NETWORK SUPPORT (GNOC)', 'System Support Engineer/NT Admin', 'System Administrator (Level 2 Support) /Tech Support', 'HELP DESK SUPPORT']"
1212349,"['Component Engineer', 'Senior Manufacturing Engineer', 'Project Engineer/ MFG Engr./RI Supervisor', 'Lead Engineer', 'Applications Engineer', 'Sr. Component Engineer/Materials Consultant', 'Design Engineer/ Test Department Manager', 'Engineer Research and Development', 'Engineer Research and Development', 'Senior Engineer']"
1221714,"['President', 'Executive Director, Institute on Aging', 'Director, Youth Programs-Career Education and Training', 'Associate Dean, Economic and Community Development', 'Associate Professor, Parks', 'Department Head, Health Physical Education, Recreation and Dance', 'Director', 'Chair and Assistant Professor, Recreation and Leisure Studies Program', 'Assistant Professor, Recreation and Park Administration', 'Lecturer, Recreation and Leisure Studies']"
1224053,"['Independent Business Owner', 'Customer Service Rep', 'Card Services Rep/Account Manager', 'Sr. Loan Officer/Quality Control Dept. Manager', 'Loan Officer', 'Game Attendant/Installer', 'Telemarketing', 'Administrative Clerk', 'Volunteer', 'Kitchen Assistant']"
1247171,"['Tech Support', 'BlackBerry Tech Support', 'Tax Processor', 'Help Desk Tier 2', 'Student Advisor', 'Mailroom/EPO Operator', 'Inventory Control Specialist', 'Account Manager', 'Account Manger', 'Sales Associate/ Customer Service']"
1247861,"['Manager Technical Quality Operations', 'R&D Manager of New Drug Development', 'QA Compliance Manager', 'QC Supervisor', 'Physics/Biology Teacher', 'Laboratory Manager', 'QA/QC Director, Production Manager', 'Q.C. Scientist.  QC Chemist', 'QC Lab Supervisor, QC/R&D Chemist', 'Program Coordinator, Science Teacher']"
1249656,"['Security Officer', 'Security Officer', 'Proto Planner', 'Material Handler/ Dispatcher', 'Material Handler/ Dispatcher', 'Security Officer', 'Shipping/ Receiving Clerk', 'UPS', 'Line Work/ Sawman', 'Stocker']"
1256437,"['Executive chef/Program Director', 'Executive Chef', 'October 1 working as interim executive chef', 'Chef/Food & Beverage Manager', ""DBA Food Lion, Kash N'Karry, Save and Pack Food Stores"", 'Executive Chef', 'Executive Chef', 'Chef', 'Executive Chef/Owner', 'Chef De Cuisine']"
1257424,"['Licensed Practical Nurse', 'Licensed Practical Nurse, Personal Home Health', 'Licensed Practical Nurse', 'Nursing Student', 'Route Driver-CSR', 'Grocery Clerk', 'Salesperson', 'Quality Control Technician', 'Research/Chemical Technician', 'Petroleum Laboratory Specialist']"
1260611,"['Account Executive', 'Team Lead Closer/Telemarketing', 'Renovation Construction Specialist', 'Chauffeur', 'Supervisor', 'Sales Manager/Lead Generator', 'Taxi Driver', 'Presell Manger', 'Realtor/Sales Agent/Relocation', 'Bellman']"
1265182,"['SR.PRODUCTION ASSOCIATE', 'SENIOR ELECT TECH NICIAN', 'electrician', 'Electrician', 'GRUMMAN NEWPORT NEWS SHIPBUILDING SHIPBOARD ELECTRICIAN', 'Electrician', 'Okay to contact this Supervisor', 'ENGINEERING TECH LEVEL III', 'Okay to contact this Supervisor', 'Okay to contact this Supervisor']"
1268855,"['Director Service Delivery', 'Director of Operations', 'Advisor / SME', 'Advisor / SME', 'Advisor / SME', 'Advisor / SME Cisco Gold certification', 'Bridge and Practitioner level certification', 'Advisor / SME', 'Program Manager / Risk Project Manager - Cloud Service Provider', 'Consultant in Managed Services and Master Certification']"
1273207,"['Custom Protection Officer', 'Field Technician', 'Clinical Tech Coordinator', 'Security Officer', 'Senior Criminal Justice Specialist', 'Correctional Probation Officer', 'Security Officer/Supervisor', 'DVIP Counselor', 'Security Officer/Supervisor', 'DVIP Counselor']"
1276725,"['Surveyor', 'Party Chief/CAD Operator', 'Jr. Party Chief', 'Party Chief/Jr', 'Sr. Instrument Man/Jr. Party Chief', 'Party Chief', 'Party Chief/Inspector', 'Party Chief', 'Party Chief', 'Jr. Party Chief']"
1279284,"['Customer Care Specialist', 'Account Manager', 'Inside Sales Representative', 'Security Sales Consultant', 'Director of Marketing', 'Sales Manager', 'Sales Executive', 'Account Executive Classified Sales', 'Sales Account Executive', 'Senior sales account manager for internet sales group', 'Sales Account Executive', 'Photographer/layout Artist']"
1279608,"['Chief estimator, project manager, coordinator and manager', 'Superintendent', 'Superintendent', 'Project Manager', 'Superintendent', 'Project Manager', 'Owner/Operator', 'Journeymen Carpenter', 'Journeymen Carpenter', 'Carpenter']"
1297114,"['Therapist', 'Instructor', 'Therapeutic Support Staff', 'Residential Counselor', 'Child Care Counselor', 'Youth Offenders Program Instructor', 'Volunteer Online  Adolescence Counselor', 'Volunteer Short-term Counselor', 'Waiter and Catering', 'Shift Supervisor']"
1299445,"['Chief Operating Officer (COO)', 'Chief Financial Officer (CFO)', 'Finance Director', 'Accountant', 'Project Management (Project Assignment)', 'Senior Manager', 'Senior Consultant - Project Manager', 'Finance Manager, Pricing and Profitability', 'Senior Financial Analyst', 'President']"
1301430,"['Work Load Manager', 'Technical Support Specialist', 'Owner', 'Field IT Technical Analyst', 'analyst/ Logistics Specialist', 'Contractor for TMP Worldwide', 'management Applications designer', 'Manager', 'Consultant ROMAC intl |', 'Staff Support manager - Circuit Design, Provisioning']"
1302826,"['Driver', 'Assistant Store', 'Customer Service', 'Customer Service Supervisor', 'Assistant Restaurant General Manager', 'Night Auditor', 'Assistant Store Manager', 'Senior Universal Teller', 'Supervisor', 'Customer Service and Sales']"
1303853,"['Adjunct Professor', 'Development Director', 'President/CEO', 'Consulting Director', 'Executive Director', 'Executive Director', 'Police Officer/Community Liaison Officer', 'Crisis Intervention Specialist', 'Assistant Residential Treatment Director', 'Police Officer']"
1305532,"['Sole Proprietor', 'Superintendent', 'Sole Proprietor', 'Purchasing Manager', 'Account Executive', 'Sole Proprietor', 'Consultant', 'Purchasing Manager', 'Purchasing Manager', 'Contracts Administrator']"
1308839,"['Customer Service Lead', 'Data Processing Clerk/Ticket booth Sales', 'volunteer', 'Captain', 'Volunteer Emergency Medical Technician', 'Intern', 'Intern', 'Lieutenant', 'Sr. Administrative Assistant to VP of Customer Service/E-Commerce', 'Volunteer EMT']"
1310931,"['Sale Associate', 'psr', 'Surgeries and filing data entry', 'Anchor Mental Health', 'Data entry and insurance follow-up', 'medical secretary', 'Accounts Receivable Rep', 'account rep', 'Medical Office Assistant', 'medical secretary']"
1312061,"['Bilingual Resolutions Specialist', 'Bilingual Benefits Educator', 'Bilingual Billing & Troubleshooting Agent', 'Self Employment/Freelance Marketing Outreach', 'Bilingual Collections & Customer Care', 'Bilingual Customer Care & Enrollment Analyst', 'Bilingual General Office Sales/Outreach', 'Bilingual Customer Care', 'Bilingual Billing Specialist', 'Bilingual Benefits Educator']"
1314595,"['Reimbursement Secialist', 'Mental Health Clerk', 'Reimbursement Specialist', 'Office Manager', 'Patient Accounting/Primary Insurance Biller/Collections', 'Administrative Assistant', 'Secretary', 'Substitute Teacher', ""Children's Coordinator"", 'Bookkeeper']"
1315847,"['Coordinator/Trainer', 'Merchandise Hostess', 'Interior Designer', 'Program Director & Instructor', 'Kitchen & Bath Designer', 'Interior Designer', 'Account Executive', 'Account Executive', 'Customer Service Manager', 'CSR/Sales Representative']"
1316519,"['temp Accountant', 'Tax Preparer', 'temp Accountant', 'temp accountant', 'Accountant', 'Logistics Support', 'Office/Medical Assistant', 'Bookkeeping/Administrative Assistant', 'Surgical Assistant', 'Surgical Assistant', 'Accounting Internship', 'Account Billing Specialist']"
1318325,"['Consultant', 'Financial Advisor', 'Financial Advisor', 'Sales Consultant', 'CEO', 'Assistant Dean', 'Agency Director', 'Sales Manager', 'Independent Financial Advisor', 'Special Agent']"
1325492,"['Evening Shift floor nurse West 1', 'Private care duty Nurse', 'Floor Evening shift supervisor/ Floor nurse', 'ICF nurse', 'LPN', 'Rehabilitation Nurse, Stroke Nurse', 'CDS - Production Supervisor Unistel/ CDS', 'Sales Manger', 'IT consultant/lead generation supervisors', 'Sale Assistant']"
1326921,"['Wireless Connection Center Rep', 'Retail Sales Rep, Italk', 'Floating Assistant Store Manager', 'Retail Sales Consultant', 'Retail Sales Rep', 'Benefits Administrator', 'Parts Sales Manager', 'Asst. Mgr', 'Daily Customer Service and cashiering', 'Production Coordinator']"
1330491,"['Sales Associate', 'C.N.A.', 'FORENSIC MENTAL HEALTH TECHNICIAN', 'C.N.A. MEDICATION TECHNICIAN', 'SHIFT MANAGER', 'CSR', 'CSR', 'DIRECT SERVICE AIDE', 'CSR', 'CSR']"
1333803,"['Process Server', 'Tax Preparer', 'Enumerator', 'Assistant Treasurer', 'Mental Health Technician', 'Treasurer', 'President', 'Editor', 'Vice President', 'Member']"
1336324,"['Independent Wellness Consultant- Sold', 'Telephone Representative- Activated', 'Contract Management/Administrative Asst. - Assist', 'Sr. Loan Processor/Office Manager (part-time) - Packaged loans', 'Sr. Loan Processor/Loan Servicing - Packaged loans', 'Loan Processor/Administrative Assist II- Packaged', 'Administrative Assistant I/Receptionist', 'Field Administrator', 'Maintenance Coordinator', 'Receptionist/Misdemeanor Clerk 1']"
1336430,"['H R Block', 'Customer Service', 'Customer Service', 'Caregiver', 'House manager', 'Student', 'Whole Person', 'Behavioral Health Technician', 'Direct Care- Duties consisted of assisting', 'Seasonal Clerk']"
1338529,"['Controller, Private Company, 5M', 'Controller, Private Company, 5M', 'Program Manger Liason, Public Company, 1B+, Government Contractor', 'Accounting Manager', 'Controller, Private Company, 2M', 'Investment Accounting Supervisor', 'Corporate Accountant', 'Corporate Accountant/Accounts Payable Manager', 'Commission Specialist', 'Tax Accountant, Private Company, 500K, Services']"
1340236,"['Community Educator/ Volunteer - (919) 968 4647', 'Associate Professional/Residential - (919) 755 1335', 'Administrative Assistant - (580) 250 5983', 'Associate Professional/Residential - (917) 325 7939', 'Bronx Community College Paralegal Department Tutor', 'Internal Teller', 'Various Customer Service Positions - (868) 625 7288', 'Customer Service Representative', 'Quality Control Officer', 'Proof Machine Operator']"
1341249,"['VP/ /Project Manager/Sr. Business Analyst - GMO/FID Settlements', 'Consultant', 'Consultant/Project  Manager', 'Consultant/ Project Manager', 'Consultant', 'Consultant', 'Consultant', 'Consultant', 'Consultant', '401(k) Administrator']"
1342530,"['Therpist III', 'Clinical Coordinator', 'Substance Abuse Counselor', 'Counselor', 'Assessment intake counselor', 'Clinical Liaison CLP Program', 'In Home Child/Family Resource Specialist', 'Recovery Counselor', 'Clinical Care Planner', 'Counselor Aide']"
1352901,"['Graphic Designer', 'Web Intern', 'New Media Coordinator', 'Freelance Graphic Artist', 'Graphic Artist', 'Graphic Artist', 'Concierge', 'Graphic Designer', 'Receptionist / Gal Friday', 'Graphic Designer']"
1354081,"['MANAGING EDITOR', 'REPORTER/EDITOR', 'public relations', 'MARKETING - Served as Media/Communications Writer', 'MARKETING', 'ASSOCIATE EDITOR', 'WRITER - Wrote articles for a trading card magazine', 'MANAGING EDITOR', 'COLUMNIST', 'WRITER/LEGAL EDITOR']"
1357212,"['Enrollment Broker/ Customer Support Specialist', 'Pharmaceutical Sales Rep', 'Customer Service/ Soldering/ Assembly', 'Registered/ Certified Pharmacy Tech', 'Customer Service Sales Rep', 'Customer Service Sales Rep', 'Unit Clerk', 'Cashier/ Customer Service', 'Administrative Assistant', 'Manager/ Supervisor']"
1358529,"['Loan Processing Assistant', 'Customer service/ Agent', 'Customer service/ Clerical', 'Collector', 'Appraisal review', 'Computer Lab Tutor', 'Loan Processor', 'Loan Processing Specialist, Registration, Fulfillment and Pricing Representative', 'Mortgage Customer service', 'Financial Customer service', 'Customer Service/ Office work flow coordinator']"
1360604,"['Ticket Agent', 'Technical Consultant', 'Office Manager', 'Contract Server Administrator', 'Contract Technician', 'Contract Technician', 'Contract Technician', 'Sr. Desktop Support/Systems Administrator', 'Sr. Helpdesk / Backup Administrator', 'Associate Systems Administrator/Tech Support']"
1367103,"['Director of Operations - Food And Supply Division', 'Senior Hospitality Manager', 'Business Development Coordinator/ Customer Service Manager', 'Operational Division Manager', 'Field Supervisor', 'Kitchen Manager, AGM', 'Metairie, Louisana, Kitchen Manager and PM Chef', 'Kitchen Manager', 'Kitchen Manager', 'Bar Manager']"
1369628,"['Substance Abuse and Mental Health Services Administration', 'Desktop Coach', 'Customer Account Executive-Internet Support', 'Information Technology Specialist/Instructor', 'Management Trainee and Customer Support Specialist', 'Merchandise Supervisor, Customer Service Lead, Warehouse Associate and Computer Technician', 'Research Assistant', 'Research Assistant', 'Assistant Store Manager', 'Office of Worker and Community Transition']"
1371528,"['Data Entry Clerk', 'Store Manager', 'Account Manager', 'Licensed Mortgage Broker', 'Licensed Mortgage Broker', 'Financial Specialist', 'sales manager in ten month', 'Credit Manager', 'Sales Representative', 'Corporate Customer Relationship Coordinator']"
1371801,"['Marketing/Sales Representative', 'Account Manager', 'Senior Recruiting Coordinator', 'Senior Staffing Consultant/Office Manager', 'Office Manager', 'Administrative Assistant', 'Human Resources Administrative Assistant', 'Staffing Consultant/Payroll Administrator', 'Executive Administrative Assistant', 'Clerical Intake Representative']"
1376947,"['Resident Care', 'Sales', 'Clerk/Front Office Manager', 'Manager  Managed', 'Operator/Material Handler', 'Computer Technician', 'Account Representative', 'Purchasing Assistant/Data Entry Operator/Customer Service Assistant', 'Office Assistant Typed', 'Examiner/UPS']"
1377532,"['Traffic Coordinator', 'Technician Coordinator', 'Dispatcher/Admin Assistant', 'Sales Assistant', 'Dispatcher', 'Associate', 'Team Facilitator & Appearance Coordinator', 'Sales representative', 'Customer Service Representative', 'Sales Representative']"
1378756,"['Estimator', 'Estimator / Scheduler', 'Project Manager', 'Estimator / Superintendent / Scheduler', 'Estimator / Project Manager', 'Estimator / Project Manager', 'Estimator / Project Manager', 'Estimator / Project Manager', 'Scheduler / Assistant Project Manager', 'Engineer-in-Training / Estimator']"
1381643,"['Director', 'Field Operations Supervisor', 'Substitute Teacher', 'HVAC Supervisor', 'Manager', 'Graphic Art Designer', 'Facility Manager / Safety Officer', 'Director of Support Services - MSO', 'Director of Support Services - Home Health', 'Corporate Director of Purchasing / Safety Officer']"
1382693,"['Instructor', 'Unit Manager', 'Staff Nurse', 'Window, Doors, Countertop installer', 'Business Analyst', 'Developer', 'Project Manager/Web Developer', 'Crystal Reports Developer', 'Crystal Reports Developer', 'Systems Analyst']"
1389269,"['Contractor', 'Insurance Analyst', 'Contractor', 'Security Ambassador', 'Diva Style Specialist/Management Trainee', 'Nextel Partners Cyber Representative', 'Style Expert/Management Trainee', 'Part-time Sales Associate/ Cashier', 'Checker/Cashier', 'Telemarketer']"
1389331,"['District Service Manager', 'General Manager (GM)', 'Regional Service Manager', 'Service Coordinator', 'Service Manager', 'District Service Manager', 'Route Salesman', 'District Service Manager', 'District Service Manager/Route Salesman', 'Route Salesman']"
1390746,"['Document production, project management', 'code research, Leed research', 'Project Manager', 'Design Engineer', 'Director of Construction/Fabrication', 'Class 1 assembler', 'Shop Foreman', 'Design Assistant and Shop Supervisor', 'Woodshop Manager', 'Apprentice']"
1391850,"['Security Officer', 'Deli Associate', 'Satellite Technician', 'Overnight Stocker', 'Merchandise Pick Up Clerk', 'Warehouse Associate, Don Drennen Buick', 'TLE Technician', 'Customer Service', 'Sales Associate', 'Cashier']"
1397961,"['GRAPHIC DESIGNER, CREATIVE DIRECTOR', 'Graphic designer and Photographer', 'GRAPHIC DESIGNER', 'PROFESSIONAL PHOTOGRAPHER', 'DIRECTOR AND WEBMASTER REDDEPORTE', 'DIRECTOR AND WEBMASTER', 'Green Bullion, Gold District, Estate Buyer', 'Professor', 'TEAM LEADER AND CABLE CHANNEL DIRECTOR', 'SENIOR CONSULTANT']"
1398521,"['Part-Time Business Instructor', 'Volunteer - Basic Computing Instructor', 'Project Manager - Fiscal Support (Contractor)', 'Financial Consultant', 'Financial Consultant (ACT Consultant)', 'Finance/Business Manager', 'Manager', 'Sr. Financial Analyst', 'Financial Analyst/Procurement Coordinator', 'Financial Analyst']"
1399865,"['Coffee House Manager', 'Executive Assistant', 'Member of Shakopee Downtown Business Partnership board of Directors', 'Gallery Director', 'Wholesale Manager', 'Asst. Wholesale manager', '1st Asst. Manager', 'Asst. Manager', 'Merchandising Manager', 'Part-time associate']"
1402633,"['Tax Professional', 'Legal Transciber', 'Administrative Assistant', 'Account Receivable Assistant', 'Administrative Assistant', 'Customer Support Associate', 'Office Assistant', 'Information Specialist', 'Animal Caretaker', 'Customer Relations Specialist']"
1403290,"['Administrative assistant', 'Stock Transfer Agent', 'Collections Specialist-Cardworks Servicing', 'Customer Specialist/Mortgage (contract)', 'Mortgage collector', 'Lift Driver', 'Assistant Manager', 'Residential Advisor', 'Technical Support Rep Level III - EchoStar', 'CIS/CSR/Dispatcher- PRC']"
1403998,"['Scheduler/house cleaner', 'Tech support CSR', 'Personal Assistant', 'Front Desk Rep', 'Admitting Rep', 'Benefits & Eligibility Clerk', 'Mail Processing/Customer Service', 'p  Teacher', 'Customer Service Rep/Collections', 'Guest Room Attendant']"
1419466,"['Executive Director', 'General Manager', 'General Manager', 'Consultant', 'Training Manager', 'General Manager', 'Manager', 'Consultant', 'Seasonal CFO', 'Accounting and Administrative Program Manager']"
1429117,"['Senior Admissions Advisor', 'Senior Certified Credit Counselor', 'Certified Credit Counselor', 'Certified Credit Counselor', 'Marketing Manager', 'Personnel Counselor', 'Owner', 'Controller/Assistant General Manager', 'Assistant Controller', 'Assistant Credit Manager']"
1431166,"['Clinical Counselor', 'Training', 'Training', 'Community Support Case Manager', 'Behavioral Health Counselor', 'Prevention Specialist', 'Mental Health Technician', 'EC Teacher Assistant', 'Youth Counselor/Student Intern', 'Assistant Manager']"
1432248,"['Project Manager for General Contractor on Rancho Los Alamitos', 'Construction Manager on Villa Riviera', 'Owner', 'contracted as 1099 Construction Manager', 'Construction Manager-Vice President', 'Owner', 'Vice President', 'Project Manager', 'Operations Manager/Senior Project Manager by the Vice President', 'Owner']"
1434534,"['INVENTORY CLERK', 'INVENTORY CONTROL SPECIALIST', 'INVENTORY CONTROL SPECIALIST, KUEHNE', 'FORKLIFT OPERATOR', 'INVENTORY CONTROL SPECIALIST, PROLOGISTIX', 'FORKLIFT OPERATOR', 'FORKLIFT OPERATOR', 'WAREHOUSE LEAD', 'LAWN TECH', 'MATERIAL HANDLER']"
1435547,"['Forklift Operator', 'Bus Driver', 'Assistant Manager', 'Cherry Picker Operator', 'Warehouse Associate', 'Forklift Operator', 'Security Officer', 'Security Officer', 'Forklift Operator', 'Forklift Operator', 'Forklift Operator']"
1435662,"['Visiting Nurse Director: Special Care and Hospice Department', 'Hematology & Oncology Outpatient Department Manager II', 'Hematology & Oncology Outpatient Registered Nurse Clinician', 'Hematology & Oncology Outpatient Treatment Center-Registered Nurse', 'Patient Flow Coordinator Supervisor-South-Pointe Hospital', 'ICU Nurse-PRN-South Pointe Hospital', 'Staff Registered Nurse', 'Science Teacher', 'Medical Office Associate', 'Hemodialysis Technician']"
1436399,"['Associate Project Manager', 'Senior Business Analyst/Technical Account Manager', 'Senior Implementation Specialist', 'Associate Business Analyst', 'Oregon,  Database Project Coordinator', 'Platform Implementation Intern/QA Analyst/Database Developer', 'Project implementation Specialist and QA Tester', 'Tech Associate', 'tester/Analyst', 'Implementation Trainee']"
1439312,"['Assistant Sexton', 'Telemarketer', 'Customer Service Representative', 'Customer Service Representative', 'Customer Service Representative', 'Data Entry Clerk', 'Customer Service Representative', 'Data Entry Specialist', 'Collections Specialist', 'Mental Health Technician']"
1442557,"['Credit Manager', 'Independent Contractor/ Courier Driver', 'Credit Assistant II', 'Reconciliation Accountant', 'Store Manager', 'Credit Manager/ Assistant Store Manager', 'Molder/ Finisher', 'Department Manager', 'Assistant Grocery Dept. Manager', 'Auto and Marine Battery Technician / Forklift Driver']"
1445862,"['Store Associate', 'CMPN/ HMKR', 'Housekeeper', 'Home base child care provider', 'Housekeeper/ Laundry Aide', 'Office Assistant', 'Home base child care provider', 'Store Associate', 'Receiving', 'Store Associate/ Cashier']"
1448851,"['Senior Pcr', 'Pcr', 'Installer Technician', 'Accounts Receivable /Private Pay Representative/ Cash Poster', 'Scheduler', 'Patient Scheduler', 'Service Technician', 'Account Manager', 'Wire Installer', 'Lead Collector']"
1449640,"['Sales Representative Associate', 'Customer Service Reprsentative', 'Bartender/Caterer', 'Technical Support Technician', 'Server/Host', 'Server/Bartender/Room Service/Banquet Server', 'Server/People Greeter', 'Hostess/Server', 'Residential Assistant', 'Host/Server']"
1451204,"[""Public Relation's Coordinator"", '- Fine Jewelry Manager', 'Belk) - Business Sales Manager', 'Sales, Operations, Merchandising, Training and Recruiting', 'Admissions Representative', 'Fine Jewelry Specialist', 'Creative Coordinator', 'Business Printing and Branch Marketing Coordinator', 'Assistant to Publisher', 'Supervisor of Customer Services Desk and Cashiers']"
1453489,"['Director of Business Services (New Facility Contractor)', 'Director of RCM/Practice Mgmt', 'Executive', 'Administrator/Business Office Manager', 'Supervisor Financial Counselor /Account Receivable Coordinator', 'Contractor', 'A/R Coordinator/Business Office Coordinator', 'Medicaid Supervisor', 'Lead Financial Counselor/Account Receivable Specialist', 'Team Lead Medicaid Specialist/ Medicaid Specialist I/ Bed Control Clerk']"
1455096,"['Controller', 'Finance Manager - Vice President', 'VP-Finance Manager', 'Business Productivity/Finance Manager - Vice President', 'Six Sigma Finance/Business Analyst - Vice President', 'Senior Finance Manager - Vice President', 'Proof & Control Manager - Assistant Vice President', 'AVPProof and Control Manager', 'Internal Control Manager - Assistant Vice President', 'AT-Project Manager']"
1456292,"['Security Guard', 'Notary Closing Agent', 'Security Officer', 'Sales, Unemployment', 'COMMUNITY RELATIONS SPECIALIST', 'Staff of Three', 'RISK CONSULTANT', 'WORKERS COMP. INVESTIGATOR', 'POLICE OFFICER', 'Traffic Police Officer']"
1458500,"['Professor', 'Executive Director and Founder', 'Substitute Teacher', 'Administrator and Consultant', 'Science Teacher', 'Director of Customer Service', 'Director for Continuous Improvement', 'Independent Consultant', 'Business Process Integrator, Regional Vice President', 'Administrator']"
1464206,"['Machine Operator', 'Machine Bailer /Warehouse', 'Self Employed', 'Extrusion Operator', 'CNC Operator', 'Industrial / Warehouse Specialist', 'Coating Machine Operator', 'Coating Machine Operator', 'Laser Lathe Operator', 'CNC Operator']"
1464491,"['Admissions Counselor', 'Customer Account Manager - Non-Regional', 'Sales Manager', 'Regional Account Executive', 'Account Manager', 'Independent Contractor', 'Web Developer, Lipper', 'Associate Software Engineer', 'Web Designer & Graphic Artist', 'Web Engineer Intern']"
1464593,"['Sales Manager', 'Advertising Consultant (owner)', 'Advertising Consultant', 'Advertising Consultant', 'Advertising Consultant', 'Advertising Consultant', 'Regional Account Executive', 'Account Executive', 'Inspection Sales', 'Rental Consultant - Account Executive - Business Sales Manger']"
1464754,"['Drive Tester', 'driver', 'Customer service, operation of on board computer', 'Owner / president', 'Sous Chef', 'Manager', 'Certified Chef', 'Executive Chef', 'Line cook', 'Ward Clerk/ Dental Technologist']"
1467549,"['Various Positions and Companies', 'Consultant-  Field Construction management , SAFETY & QA/QC.', 'Contract- Q/C Engineer', 'Contract- Startup coordinator', 'Contract- Expediter', 'Contract- Project Superintendent', 'Contract- Project Supervisor', 'Dontract- Construction Site Manager', 'Contract- Safety / QC Engineer', 'Contract-']"
1469463,"['Quality Assurance Communications Specialist', 'Accounts Payable Clerk', 'Administrator/Office Manager', 'Administrator/ Operations Assistant', 'Product Logistics Administrator', 'Warehouse Administrative Assistant', 'Operations Assistant', 'Larry Kupsco/Operations/Supervisor', 'Inside Sales Support/ Secretary', 'Sales secretary, general office and clerical, also customer']"
1469495,"['Sales Representative,  Store manager', 'Sales Representative', 'Front Counter Sales', 'Retail Sales Representative', 'Store Manager', 'Assistant Manager', 'Purchasing Manager,  Assistant Manager', 'Sales Person', 'Assistant Repossession Agent', 'Sales Person, Stock Man']"
